precision,recall,f1,average_precision,pr_auc,false_negative_rate,tp,fp,tn,fn,support,method,aggregation,class,threshold,fn_cost,fp_cost,cost,count_aggregation
0.918918918918919,0.18478260869565216,0.30769230769230765,0.5525058709526027,0.5515726735458824,0.8152173913043478,34.0,3.0,2327.0,150.0,184.0,baseline,per_class,class_1,0.5,10.0,1.0,1503.0,
0.7142857142857143,0.3,0.4225352112676056,0.6104378205492738,0.6056082747254962,0.7,15.0,6.0,2458.0,35.0,50.0,baseline,per_class,class_2,0.5,10.0,1.0,356.0,
0.78839590443686,0.6702127659574468,0.7245164662833247,0.8203582182842274,0.8202383373291896,0.32978723404255317,693.0,186.0,1294.0,341.0,1034.0,baseline,per_class,class_3,0.5,10.0,1.0,3596.0,
0.5245901639344263,0.20915032679738563,0.29906542056074764,0.3801700248414334,0.3756771788340111,0.7908496732026143,32.0,29.0,2332.0,121.0,153.0,baseline,per_class,class_4,0.5,10.0,1.0,1239.0,
0.7365476753939799,0.34103642536262113,0.43845235145099637,0.5908679836568843,0.5882741161086449,0.6589635746373789,193.5,56.0,2102.75,161.75,355.25,baseline,macro,macro_avg,0.5,10.0,1.0,1673.5,mean_per_class
,,,,,,774.0,224.0,8411.0,647.0,1421.0,baseline,total,all_classes,0.5,10.0,1.0,6694.0,sum_over_classes
0.22054794520547946,0.875,0.3522975929978118,0.5338674601305305,0.5328762529564663,0.125,161.0,569.0,1761.0,23.0,184.0,weighted,per_class,class_1,0.5,10.0,1.0,799.0,
0.20600858369098712,0.96,0.3392226148409894,0.5272814569163832,0.5234084879349502,0.04,48.0,185.0,2279.0,2.0,50.0,weighted,per_class,class_2,0.5,10.0,1.0,205.0,
0.6043569922698524,0.8317214700193424,0.7000407000407001,0.7579822575627766,0.7575314755409284,0.16827852998065765,860.0,563.0,917.0,174.0,1034.0,weighted,per_class,class_3,0.5,10.0,1.0,2303.0,
0.1853448275862069,0.8431372549019608,0.303886925795053,0.3095366464320793,0.30579893388429524,0.1568627450980392,129.0,567.0,1794.0,24.0,153.0,weighted,per_class,class_4,0.5,10.0,1.0,807.0,
0.30406458718813145,0.8774646812303258,0.42386195841863855,0.5321669552604424,0.52990378757916,0.12253531876967422,299.5,471.0,1687.75,55.75,355.25,weighted,macro,macro_avg,0.5,10.0,1.0,1028.5,mean_per_class
,,,,,,1198.0,1884.0,6751.0,223.0,1421.0,weighted,total,all_classes,0.5,10.0,1.0,4114.0,sum_over_classes
0.3769968051118211,0.6413043478260869,0.47484909456740443,0.5323558805683001,0.5313945615271762,0.358695652173913,118.0,195.0,2135.0,66.0,184.0,oversampled,per_class,class_1,0.5,10.0,1.0,855.0,
0.30405405405405406,0.9,0.4545454545454546,0.5198833069630373,0.5147151601501547,0.1,45.0,103.0,2361.0,5.0,50.0,oversampled,per_class,class_2,0.5,10.0,1.0,153.0,
0.7565543071161048,0.586073500967118,0.6604904632152588,0.7775537826189152,0.7773638223638362,0.41392649903288203,606.0,195.0,1285.0,428.0,1034.0,oversampled,per_class,class_3,0.5,10.0,1.0,4475.0,
0.30678466076696165,0.6797385620915033,0.42276422764227645,0.4082404109605414,0.4044605924384968,0.3202614379084967,104.0,235.0,2126.0,49.0,153.0,oversampled,per_class,class_4,0.5,10.0,1.0,725.0,
0.43609745676223544,0.701779102721177,0.5031623099925986,0.5595083452776984,0.556983534119916,0.29822089727882295,218.25,182.0,1976.75,137.0,355.25,oversampled,macro,macro_avg,0.5,10.0,1.0,1552.0,mean_per_class
,,,,,,873.0,728.0,7907.0,548.0,1421.0,oversampled,total,all_classes,0.5,10.0,1.0,6208.0,sum_over_classes
1.0,0.15217391304347827,0.2641509433962264,0.535391544680924,0.5345149487147356,0.8478260869565217,28.0,0.0,2330.0,156.0,184.0,vae_augmented,per_class,class_1,0.5,10.0,1.0,1560.0,
0.8461538461538461,0.22,0.3492063492063492,0.5720753638607032,0.5663198286965109,0.78,11.0,2.0,2462.0,39.0,50.0,vae_augmented,per_class,class_2,0.5,10.0,1.0,392.0,
0.7804878048780488,0.6808510638297872,0.7272727272727273,0.8155893646661807,0.81534769578504,0.3191489361702128,704.0,198.0,1282.0,330.0,1034.0,vae_augmented,per_class,class_3,0.5,10.0,1.0,3498.0,
0.40540540540540543,0.09803921568627451,0.15789473684210525,0.2987427245621045,0.293728646360869,0.9019607843137255,15.0,22.0,2339.0,138.0,153.0,vae_augmented,per_class,class_4,0.5,10.0,1.0,1402.0,
0.7580117641093251,0.28776604813988504,0.37463118917935206,0.5554497494424782,0.5524777798892888,0.712233951860115,189.5,55.5,2103.25,165.75,355.25,vae_augmented,macro,macro_avg,0.5,10.0,1.0,1713.0,mean_per_class
,,,,,,758.0,222.0,8413.0,663.0,1421.0,vae_augmented,total,all_classes,0.5,10.0,1.0,6852.0,sum_over_classes
0.5794392523364486,0.33695652173913043,0.4261168384879725,0.5100553830210436,0.5091216199985115,0.6630434782608695,62.0,45.0,2285.0,122.0,184.0,vae_oversampled,per_class,class_1,0.5,10.0,1.0,1265.0,
0.36363636363636365,0.56,0.44094488188976383,0.5011739319540095,0.49561425365897865,0.44,28.0,49.0,2415.0,22.0,50.0,vae_oversampled,per_class,class_2,0.5,10.0,1.0,269.0,
0.7253787878787878,0.7408123791102514,0.7330143540669857,0.7913986663994035,0.7911623125648608,0.25918762088974856,766.0,290.0,1190.0,268.0,1034.0,vae_oversampled,per_class,class_3,0.5,10.0,1.0,2970.0,
0.30578512396694213,0.24183006535947713,0.2700729927007299,0.24698000677289597,0.24424065857003707,0.7581699346405228,37.0,84.0,2277.0,116.0,153.0,vae_oversampled,per_class,class_4,0.5,10.0,1.0,1244.0,
0.4935598819546355,0.46989974155221476,0.467537266786363,0.5124019970368381,0.510034711198097,0.5301002584477852,223.25,117.0,2041.75,132.0,355.25,vae_oversampled,macro,macro_avg,0.5,10.0,1.0,1437.0,mean_per_class
,,,,,,893.0,468.0,8167.0,528.0,1421.0,vae_oversampled,total,all_classes,0.5,10.0,1.0,5748.0,sum_over_classes
0.6976744186046512,0.32608695652173914,0.4444444444444445,0.5455977732540587,0.5447720395240715,0.6739130434782609,60.0,26.0,2304.0,124.0,184.0,gan_oversampled,per_class,class_1,0.5,10.0,1.0,1266.0,
0.52,0.52,0.52,0.5465017792572534,0.5379555658606087,0.48,26.0,24.0,2440.0,24.0,50.0,gan_oversampled,per_class,class_2,0.5,10.0,1.0,264.0,
0.796149490373726,0.6798839458413927,0.7334376630151279,0.8214196924413782,0.8212677967180559,0.32011605415860733,703.0,180.0,1300.0,331.0,1034.0,gan_oversampled,per_class,class_3,0.5,10.0,1.0,3490.0,
0.4225352112676056,0.39215686274509803,0.4067796610169491,0.37957441875654524,0.37427858215223825,0.6078431372549019,60.0,82.0,2279.0,93.0,153.0,gan_oversampled,per_class,class_4,0.5,10.0,1.0,1012.0,
0.6090897800614956,0.47953194127705745,0.5261654421191303,0.5732734159273088,0.5695684960637436,0.5204680587229426,212.25,78.0,2080.75,143.0,355.25,gan_oversampled,macro,macro_avg,0.5,10.0,1.0,1508.0,mean_per_class
,,,,,,849.0,312.0,8323.0,572.0,1421.0,gan_oversampled,total,all_classes,0.5,10.0,1.0,6032.0,sum_over_classes
0.8,0.1956521739130435,0.314410480349345,0.5031785891450616,0.5021692258156412,0.8043478260869565,36.0,9.0,2321.0,148.0,184.0,rl_oversampled,per_class,class_1,0.5,10.0,1.0,1489.0,
0.5,0.34,0.40476190476190477,0.4177837457301015,0.4056663894917168,0.66,17.0,17.0,2447.0,33.0,50.0,rl_oversampled,per_class,class_2,0.5,10.0,1.0,347.0,
0.6576797385620915,0.7785299806576402,0.713020372010629,0.7810635679547048,0.7808737656856437,0.22147001934235977,805.0,419.0,1061.0,229.0,1034.0,rl_oversampled,per_class,class_3,0.5,10.0,1.0,2709.0,
0.5263157894736842,0.19607843137254902,0.2857142857142857,0.33671090372571055,0.3312158503247893,0.803921568627451,30.0,27.0,2334.0,123.0,153.0,rl_oversampled,per_class,class_4,0.5,10.0,1.0,1257.0,
0.6209988820089439,0.3775651464858082,0.42947676070904106,0.5096842016388947,0.5049813078294477,0.6224348535141919,222.0,118.0,2040.75,133.25,355.25,rl_oversampled,macro,macro_avg,0.5,10.0,1.0,1450.5,mean_per_class
,,,,,,888.0,472.0,8163.0,533.0,1421.0,rl_oversampled,total,all_classes,0.5,10.0,1.0,5802.0,sum_over_classes
